{"Calgary, Alberta": [52, 51.0534234, -114.0625892], "Capitale-Nationale, Quebec": [2, 46.8259601, -71.2352226], "Central, Alberta": [2, -25.3423457, -57.5703271], "Chaudiere-Appalaches, Quebec": [4, 46.5895686, -71.01398860552078], "Durham, Ontario": [8, 44.0310471, -78.949678], "Eastern, Ontario": [1, 43.4896258, -79.6512236], "Edmonton, Alberta": [18, 53.535411, -113.507996], "Estrie, Quebec": [4, 45.4817735, -71.55709993028968], "Fraser, BC": [21, 59.715297, -135.0479946], "Grey Bruce, Ontario": [2, 44.5235472, -81.1221281], "Haliburton Kawartha Pineridge, Ontario": [2, 50.000678, -86.000977], "Halton, Ontario": [4, 43.5044277, -79.8771403], "Hamilton, Ontario": [9, 43.255205, -79.868202], "Huron Perth, Ontario": [1, 43.4688194, -81.1995933], "Interior, BC": [2, 43.726938, -101.984042], "Interlake-Eastern, Manitoba": [1, 50.13060985, -97.32409682472998], "Island, BC": [1, 55.001251, -125.002441], "Lanaudiere, Quebec": [3, 46.7133016, -73.97491530860543], "Laurentides, Quebec": [3, 46.6070866, -75.1209782075808], "Mauricie, Quebec": [3, 47.57124705, -73.20809134761296], "Middlesex-London, Ontario": [2, 42.982052, -81.2545157985837], "Moncton, New Brunswick": [6, 46.097995, -64.80011], "Monteregie, Quebec": [10, 45.55282015, -72.94670456566357], "Montreal, Quebec": [17, 45.4972159, -73.6103642], "Niagara, Ontario": [3, 43.0631891, -79.3098089], "North, Alberta": [1, 55.001251, -115.002136], "Northwestern, Ontario": [1, 51.9676592, -88.8446356], "Not Reported, BC": [30, 55.001251, -125.002441], "Not Reported, Quebec": [4, 52.4760892, -71.8258668], "Not Reported, Saskatchewan": [2, 55.5321257, -106.1412243], "Not Reported, Repatriated": [8, "N/A", "N/A"], "Not Reported, NL": [1, 53.8217327, -61.2295532], "Not Reported, Ontario": [1, 50.000678, -86.000977], "Ottawa, Ontario": [13, 45.421106, -75.690308], "Peel, Ontario": [21, 43.745865, -79.7962296], "Peterborough, Ontario": [1, 44.3048009, -78.3199496], "Prince Edward Island, PEI": [1, 46.6230639, -63.95944], "Regina Qu'Appelle, Saskatchewan": [3, 50.4152275, -104.58899996239825], "Saskatoon, Saskatchewan": [2, 52.131802, -106.660767], "Simcoe Muskoka, Ontario": [3, 44.4106943, -79.686416], "South, Alberta": [1, 55.001251, -115.002136], "Sudbury, Ontario": [2, 46.49272, -80.991211], "Toronto, Ontario": [77, 43.653963, -79.387207], "Vancouver, BC": [49, 49.2608724, -123.1139529], "Waterloo, Ontario": [8, 43.466874, -80.524635], "Wellington Dufferin Guelph, Ontario": [1, 44.0761297, -80.1994988], "Winnipeg, Manitoba": [7, 49.8955367, -97.1384584], "York, Ontario": [17, 42.8580624, -77.295025], "Zone 1 - Western, Nova Scotia": [1, 44.751269, -63.552383], "Zone 2 (Saint John area), New Brunswick": [1, 46.500283, -66.750183], "Zone 4 - Central, Nova Scotia": [4, 45.1960403, -63.1653789]}